CLAIM_YEAR,unique_prescribers,unique_products,total_prescriptions,total_payments,total_patients,avg_cost_per_prescription,prev_year_payments,yoy_growth_pct
2020.000000000,279669,65,4718722.000000000,855782088.308225000,3884985.000000000,210.542947791,,
2021.000000000,197706,64,3292995.000000000,639339782.100829000,2686057.000000000,227.152566040,855782088.308225000,-25.291754700
2022.000000000,187049,65,2707326.000000000,553561089.384872000,2221076.000000000,244.019001535,639339782.100829000,-13.416761300
2023.000000000,178882,66,2406972.000000000,508702375.708623000,1983063.000000000,253.347400495,553561089.384872000,-8.103660900
2024.000000000,104298,66,1952306.000000000,351595998.911411000,1557679.000000000,238.078595834,508702375.708623000,-30.883751300
