payment_tier,providers,avg_payment,total_rx_value,total_prescriptions,total_patients,avg_rx_value_per_provider,avg_prescriptions_per_provider,roi_ratio
$1-100,17890,43.399811144,487193396.796800000,2329939.000000000,1902562.000000000,26903.384880269,128.661936054,619.896358333
$101-500,20995,234.478166273,858734728.653953000,3969012.000000000,3203886.000000000,40563.756667641,187.482853094,172.995879797
"$501-1,000",4551,690.194664768,297997117.077404000,1383944.000000000,1104870.000000000,65292.970437643,303.230499562,94.600804339
"$1,001-5,000",3508,1803.520680330,280387808.664395000,1245061.000000000,998673.000000000,79814.349178592,354.415314546,44.254745759
"$5,001-10,000",221,6891.803122172,35707564.247495000,152118.000000000,121326.000000000,161572.688902692,688.316742081,23.444182319
"$10,000+",468,110191.174270613,81741273.480142000,342923.000000000,266856.000000000,172814.531670490,724.995771670,1.568315546
