provider_tier,provider_count,tier_total_amount,avg_amount_per_provider,cumulative_pct_of_total
Top 10,10,33782385.600000000,3378238.560000000,42.788120700
Top 11-50,40,9708520.770000000,242713.019250000,55.084746600
Top 51-100,50,5788467.860000000,115769.357200000,62.416308800
Top 101-500,400,12904349.610000000,32260.874025000,78.760710200
Top 501-1000,500,2519276.370000000,5038.552740000,81.951577200
Beyond 1000,49633,14249720.890000000,287.101744605,100.000000000
