manufacturer_group,total_payments,total_prescriptions,unique_products,market_share_pct
Other,2293461223.864969000,48395054.000000000,7,54.041862715
Alcon,1950399199.569382000,7858060.000000000,6,45.958137285
