drug_name,providers_with_correlation,payment_rx_pairs,total_payments,total_rx_value,total_prescriptions,total_patients,avg_days_to_prescription,payment_rx_correlation,prescribers_without_payment,rx_value_without_payment,prescriptions_without_payment
ROCKLATAN,4559,274898,40119775.620000000,188431409.935620000,511522.000000000,400742.000000000,86.56273599662416,0.04619108711571967,17854,124572668.931920000,394507.000000000
RHOPRESSA,1521,59366,22738459.160000000,40691771.430800000,119925.000000000,91752.000000000,89.64011386989182,0.0248400092022671,26333,277125485.052900000,912368.000000000
CIPRODEX,0,0,,,,,,,248461,420393223.250123000,2130422.000000000
SIMBRINZA,2952,88783,5090247.780000000,23524273.822920000,137731.000000000,111644.000000000,89.24542986833067,-0.001939902676335941,31668,116119253.794144000,742955.000000000
COMBIGAN,0,0,,,,,,,67953,786743132.563010000,3416455.000000000
