years_received,providers,avg_total_payments,avg_payment_per_year,total_rx_value,total_prescriptions,avg_rx_value_per_provider,avg_prescriptions_per_provider
1,15959,566.014162112,566.014162112,377058495.403499000,1837068.000000000,34538.654887194,160.568831396
2,10356,352.929299222,176.464649611,320812765.970318000,1511015.000000000,40481.106116128,182.313585907
3,8683,685.694593070,228.564864357,492338462.321080000,2219071.000000000,68323.405817524,297.462600536
4,6733,1078.154852220,269.538713055,404047582.444473000,1838664.000000000,70391.564885797,310.742606050
5,5928,7214.795848516,1442.959169703,447504582.780819000,2017179.000000000,84931.596656067,372.999075444
