year,unique_providers,payment_count,total_amount,avg_amount,median_amount
2024,28335,95145,20202662.690000000,212.335516212,22.730000000
2023,28369,95324,15331417.380000000,160.834809492,21.990000000
2022,27198,88566,21392501.370000000,241.543045525,20.910000000
2021,21287,64179,12714438.400000000,198.109013852,21.050000000
2020,14994,35576,9311701.260000000,261.741096807,19.260000000
