provider_type,unique_providers,payment_count,total_amount,avg_payment,median_payment,max_payment
MD_Ophth,14763,147277,58638253.230000000,398.149427473,23.010000000,5659939.590000000
OD,32231,228808,17907467.390000000,78.264166419,20.640000000,59217.600000000
MD_Other,626,1967,2376070.350000000,1207.966624301,37.290000000,250000.000000000
PA,324,738,30930.130000000,41.910745257,20.250000000,4550.000000000
