provider_type,unique_providers,paid_providers,total_payments,total_attributable,avg_attribution_when_paid,roi,physician_avg_attribution
NP,1773,741,432308.2299999999,4854197.893978328,0.021121801207256565,11.228557675106785,0.016791783222492158
PA,1588,655,470089.2300000003,33735008.219814464,0.05034326274318519,71.76298895385126,0.016791783222492158
