received_payment,provider_count,avg_rx_payments,avg_prescriptions,avg_patients,sum_rx_payments,sum_prescriptions,avg_op_payment
0,518,520748.829421371,126.083011583,75.743243243,269747893.640270000,65311.000000000,0E-9
1,249,24138893.739393976,5050.297188755,2993.273092369,6010584541.109100000,1257524.000000000,216357.528795181
