payment_tier,provider_count,avg_op_payment,avg_rx_payment,avg_prescriptions,sum_rx_payments,roi
0. No Payment,3067,0E-9,331856.836055865,6582.169872840,1017804916.183339000,0E-9
1. $1-100,2262,42.982055703,712243.604396668,11719.660035367,1611095033.145263000,23217.864135576
2. $101-500,2792,245.516615330,833778.878395429,12208.819484241,2327910628.480038000,3882.603699635
3. $501-1000,1170,718.587700855,1044240.825310035,13135.628205128,1221761765.612741000,1483.374003045
4. $1001-5000,2463,2375.947088916,1700553.262067924,19594.974421437,4188462684.473296000,794.107389956
5. $5000+,1256,63148.210159236,4117767.750522984,26357.207802548,5171916294.656868000,338.077451362
