received_payment,provider_count,avg_rx_payments,avg_prescriptions,avg_patients,sum_rx_payments,sum_prescriptions,avg_op_payment
0,5,8270.983640000,5.600000000,4.000000000,41354.918200000,28.000000000,0E-9
1,10,3524074.169680000,2247.900000000,1388.300000000,35240741.696800000,22479.000000000,872332.720000000
