provider_type,received_payment,provider_count,avg_op_payment,avg_rx_payment,avg_prescriptions,sum_rx_payments,sum_prescriptions,roi
NP,0,610,0E-9,262962.971674300,5440.357377049,160407412.721323000,3318618.000000000,0E-9
NP,1,1904,2039.399159664,1006721.015729016,11606.216386555,1916796813.948047000,22098236.000000000,4302.330419033
Other,0,3,0E-9,2068.604395000,459.333333333,6205.813185000,1378.000000000,0E-9
Other,1,12,523.312500000,3944.334282333,1770.666666667,47332.011388000,21248.000000000,180.553060535
PA,0,529,0E-9,228684.068786478,6518.258979206,120973872.388047000,3448159.000000000,0E-9
PA,1,1550,2461.305496774,1173367.706537893,12980.205806452,1818719945.133734000,20119319.000000000,5433.519540789
Physician,0,1976,0E-9,372680.883229142,6791.266700405,736417425.260784000,13419543.000000000,0E-9
Physician,1,6538,12099.686252677,1649676.095942955,17603.881768125,10785582315.275037000,115094179.000000000,7779.036176996
