received_payment,provider_count,avg_rx_payments,avg_prescriptions,avg_patients,sum_rx_payments,sum_prescriptions,avg_op_payment
0,4610,27923.114224373,43.334273319,36.137310195,128725556.574360000,199771.000000000,0E-9
1,910,3194890.648608780,4552.552747253,3682.160439560,2907350490.233990000,4142823.000000000,428803.361384615
