received_payment,provider_count,avg_rx_payments,avg_prescriptions,avg_patients,sum_rx_payments,sum_prescriptions,avg_op_payment
0,2611,17369.408832918,23.942550747,19.799693604,45351526.462750000,62514.000000000,0E-9
1,643,1634146.405467589,2249.870917574,1832.954898911,1050756138.715660000,1446667.000000000,24527.773825816
