received_payment,provider_count,avg_rx_payments,avg_prescriptions,avg_patients,sum_rx_payments,sum_prescriptions,avg_op_payment
0,2006,58188.618611665,78.957627119,60.391824526,116726368.935000000,158389.000000000,0E-9
1,1028,1845608.039403210,2290.284046693,1654.276264591,1897285064.506500000,2354412.000000000,261518.175817121
