received_payment,provider_count,avg_rx_payments,avg_prescriptions,avg_patients,sum_rx_payments,sum_prescriptions,avg_op_payment
0,6100,54580.969224548,85.964426230,72.039180328,332943912.269744000,524383.000000000,0E-9
1,1049,2752382.295758956,3903.208770257,3232.209723546,2887249028.251145000,4094466.000000000,86341.954509056
