provider_type,received_payment,provider_count,avg_op_payment,avg_rx_payment,sum_rx_payments,roi
NP,0,603,0E-9,266015.609819773,160407412.721323000,0E-9
NP,1,1895,2044.147862797,1011502.276489735,1916796813.948047000,4322.763650574
Other,0,3,0E-9,2068.604395000,6205.813185000,0E-9
Other,1,12,523.312500000,3944.334282333,47332.011388000,180.553060535
PA,0,522,0E-9,231750.713387063,120973872.388047000,0E-9
PA,1,1546,2466.809100906,1176403.586761794,1818719945.133734000,5447.577806095
Physician,0,1939,0E-9,379792.380227325,736417425.260784000,0E-9
Physician,1,6490,12187.355659476,1661877.090181053,10785582315.275037000,7836.569880617
