received_payment,provider_count,avg_rx_payments,avg_prescriptions,avg_patients,sum_rx_payments,sum_prescriptions,avg_op_payment
0,212,518787.140150472,112.617924528,73.990566038,109982873.711900000,23875.000000000,0E-9
1,90,113261502.129315000,22157.733333333,14446.500000000,10193535191.638350000,1994196.000000000,1135656.998111111
