received_payment,provider_count,avg_rx_payments,avg_prescriptions,avg_patients,sum_rx_payments,sum_prescriptions,avg_op_payment
0,3489,51408.231113560,71.114646030,59.812553740,179363318.355210000,248119.000000000,0E-9
1,1220,3092899.460647984,4368.370491803,3550.236065574,3773337341.990540000,5329412.000000000,297351.794778689
