received_payment,provider_count,avg_rx_payments,avg_prescriptions,avg_patients,sum_rx_payments,sum_prescriptions,avg_op_payment
0,2669,22132.511533844,36.495691270,31.126639191,59071673.283830000,97407.000000000,0E-9
1,1092,2545834.886117125,4337.464285714,3592.198717949,2780051695.639900000,4736511.000000000,113474.000457875
