received_payment,provider_count,avg_rx_payments,avg_prescriptions,avg_patients,sum_rx_payments,sum_prescriptions,avg_op_payment
0,303,398770.977945875,39.646864686,28.729372937,120827606.317600000,12013.000000000,0E-9
1,110,20562140.800630909,1595.109090909,1388.363636364,2261835488.069400000,175462.000000000,35023.365181818
