received_payment,provider_count,avg_rx_payments,avg_prescriptions,avg_patients,sum_rx_payments,sum_prescriptions,avg_op_payment
0,2539,59836.037613210,81.904293029,62.270578968,151923699.499940000,207955.000000000,0E-9
1,1184,5492357.910517644,6456.762668919,4624.315878378,6502951766.052890000,7644807.000000000,213455.591157095
