received_payment,provider_count,avg_rx_payments,avg_prescriptions,avg_patients,sum_rx_payments,sum_prescriptions,avg_op_payment
0,2908,28366.300511076,43.671595598,36.351788171,82489201.886210000,126997.000000000,0E-9
1,1044,1576380.860705546,2496.317049808,2009.740421456,1645741618.576590000,2606155.000000000,90022.942940613
