years_with_payments,provider_count,avg_total_op_payments,avg_rx_payments,avg_prescriptions,sum_rx_payments
5,2342,31369.325132365,2970968.128045421,27525.255764304,6958007355.882377000
4,2040,4943.276034314,1715937.370239982,16723.078431373,3481636924.216923000
3,1544,1131.342979275,987166.702037849,12475.419689119,1517275221.032174000
2,1783,581.797919237,805803.549367610,11237.982613573,1424660675.281935000
1,2295,207.706392157,502675.884408821,8476.854901961,1139566229.954797000
