payment_tier,unique_providers,transactions,total_amount,avg_amount
"$10,000+",106,521,17633833.550000000,33846.129654511
"$5,000-$10,000",208,1668,10697093.990000000,6413.125893285
"$1,000-$5,000",919,15827,35261030.780000000,2227.903631768
"$500-$1,000",899,7008,5012628.160000000,715.272283105
$200-$500,1361,8746,2820884.770000000,322.534275097
$100-$200,5258,33501,4364256.600000000,130.272427689
<$100,9993,571397,11105946.480000000,19.436480206
