program_year,unique_providers,transactions,total_payments,avg_payment,median_payment,p95_payment
2020,3406,53463,8958909.300000000,167.572139611,16.130000000,800.000000000
2021,5633,115287,16421338.320000000,142.438768638,16.380000000,206.940000000
2022,6679,139924,19001520.700000000,135.798867242,17.750000000,239.070000000
2023,7464,158504,20360791.830000000,128.456012656,18.690000000,198.670000000
2024,8027,171490,22153114.180000000,129.180209808,19.470000000,183.500000000
