program_year,unique_providers,transactions,total_payments,avg_payment,median_payment,p95_payment
2020,104,53446,8954533.520000000,500.0882587997692,43.105000000000004,2131.322999999999
2021,289,115271,16418286.210000000,826.1379197477164,67.065,1961.249999999998
2022,276,139900,18997418.280000000,625.7154448486853,90.19,2079.3499999999995
2023,320,158483,20354890.840000000,628.7089279706378,95.705,2054.6884999999947
2024,415,171467,22148119.220000000,658.7212617647059,100.32499999999999,2160.249999999997
