CLAIM_YEAR,unique_prescribers,total_prescriptions,total_payments,total_patients,avg_payment,avg_cost_per_prescription
2020.000000000,10365,35167740.000000000,2376222611.952370000,29151868.000000000,132.476003905,67.568248968
2021.000000000,10902,35974300.000000000,2750243679.001160000,30973215.000000000,150.178017754,76.450234723
2022.000000000,11598,37897592.000000000,3190634073.020792000,33508462.000000000,170.294876260,84.190944718
2023.000000000,12171,37948358.000000000,3985852978.184781000,33759370.000000000,200.939600107,105.033608521
2024.000000000,12549,30532690.000000000,3235997980.392442000,27473783.000000000,199.837991584,105.984699690
