provider_type,n_paid,n_unpaid,mean_rx_paid,mean_rx_unpaid,influence_increase_pct,ci_95_lower_pct,ci_95_upper_pct,p_value,cohens_d,roi_per_dollar,significant
Nurse Practitioner,2095,371,724424.332285323,180233.713106391,301.9360860960009,289.9330722199437,313.93909997205805,0.0,1.7182252403132319,312.8198764459949,Yes
Physician Assistant,974,210,619442.009114808,111145.958326881,457.32301780423273,434.7858421655884,479.86019344287695,0.0,1.9037021036597708,183.8943209803684,Yes
