drug_name,providers_with_payments,providers_without_payments,mean_rx_paid,mean_rx_unpaid,difference,influence_ratio,p_value,ci_95_lower,ci_95_upper,cohens_d,roi_per_dollar,statistical_significance
ELIQUIS,1929,6864,1635371970.8975885,8986816.523960294,1626385154.3736281,181.97455868131107,0.0,1589872526.1698666,1662897782.5773897,2.8128416728328247,66.93168780960228,Yes
OZEMPIC,2078,2794,4562392140.273193,9743366.467892941,4552648773.805301,468.25623928931793,0.0,4454509729.626734,4650787817.983868,2.822380348222381,16.68207683060807,Yes
HUMIRA,289,413,1899012300.1844704,21038928.50908644,1877973371.675384,90.26183530992616,0.0,1768036295.0167525,1987910448.3340156,2.7969196774659744,200.48648643569632,Yes
