provider_type,providers_with_payments,providers_without_payments,avg_rx_with_payments,avg_rx_without_payments,influence_increase_pct,roi_per_dollar
Nurse Practitioner,2095,371,724424.332285323,180233.713106391,301.9360860960009066903058671,312.8198764459948760892475915
Physician Assistant,974,210,619442.009114808,111145.958326881,457.3230178042326525012688839,183.8943209803684192901753189
