years_with_payments,provider_count,avg_rx_payments,avg_prescriptions,avg_op_payments,influence_multiple
5,4316,1671191.085293571,18009.638554217,26011.331427247,8.162639656756543972867316250
4,2720,902540.054753052,13814.390441176,3078.340044118,4.408298552791966435414045257
3,1827,460230.517978046,8771.220580186,1098.451089217,2.247915220680632772910965889
2,1897,300413.176044064,6950.461254613,567.913969425,1.467315452893706959121667532
1,1934,231248.481385553,5728.650982420,146.517833506,1.129492636319835385777968952
0,2431,204736.599380601,5104.030440148,0E-9,1
