payment_tier,provider_count,avg_rx_payments,avg_prescriptions,avg_op_payment,roi_per_dollar
No Payment,2431,204736.599380601,5104.030440148,0E-9,0
$1-100,2204,310093.908413566,7661.932849365,44.854981851,2348.842975412243022111216326
$101-500,3300,422458.595767650,9385.895454545,255.375457576,852.5564611950022995031925699
"$501-1,000",1468,638714.684878194,11732.346049046,714.811028610,607.1228172591205202725782270
"$1,001-5,000",3523,1139272.253225190,15373.902639796,2448.325671303,381.7039803153428986631129849
"$5,001-10,000",1117,1912668.482847912,19385.178155774,6965.692103850,245.1919863818445050750805732
"$10,000+",1082,2181542.371834653,13581.382624769,97604.887606285,20.25314326909548118319573682
