drug_name,providers_with_payments,providers_without_payments,avg_rx_with_payments,avg_rx_without_payments,influence_ratio,roi_per_dollar,avg_payment_amount
OZEMPIC,2078,2794,4562392140.273194071,9743366.467892942,468.2562392893179482393493198,16.68207683060807350923585133,272906594.306780558
