years_with_payments,provider_count,avg_total_payment,max_total_payment,min_total_payment
5,4320,26028.211754630,5528094.690000000,93.780000000
4,2750,3056.683160000,409471.600000000,52.770000000
3,1927,1066.657062792,54692.990000000,35.590000000
2,2100,536.926071429,90245.820000000,16.000000000
1,2216,137.424774368,17838.540000000,2.000000000
