unique_providers_paid,total_transactions,total_payments,avg_payment,median_payment,max_payment,min_payment,stddev_payment
13313,987730,124335279.680000000,125.879825134,18.650000000,5000000.000000000,0.010000000,6429.979907302126
