payment_tier,provider_count,avg_total_payment,tier_total_payments,pct_of_providers
No Payments,2853,,,17.65
$1-100,2562,44.661163154,114421.900000000,15.85
$101-500,3501,252.987169380,885708.080000000,21.66
"$501-1,000",1493,714.387575352,1066580.650000000,9.24
"$1,001-5,000",3553,2441.856633831,8675916.620000000,21.98
"$5,001-10,000",1120,6966.623071429,7802617.840000000,6.93
"$10,000+",1084,97592.282832103,105790034.590000000,6.71
