unique_prescribers,unique_drugs,total_prescriptions,total_payments,total_charges,total_patients,avg_payment_per_claim,avg_cost_per_prescription
15125,5629,168001896.000000000,12023443860.450731000,8546366104.049925000,153961122.000000000,148.215540665,110.732844855
