CLAIM_YEAR,unique_prescribers,total_prescriptions,total_payments,total_patients,avg_payment,avg_cost_per_prescription,yoy_growth_payments,yoy_growth_prescriptions
2020.000000000,13352,33098823.000000000,2024534552.483518000,30086952.000000000,122.667341269,61.166360885,,
2021.000000000,13764,33239131.000000000,2149351147.391042000,30372477.000000000,134.226277111,64.663277370,6.165199539539108369359719100,0.423906312318114755923496100
2022.000000000,14192,34405551.000000000,2355879092.528857000,31450557.000000000,146.765391551,68.473807977,9.608850810092426354715057400,3.509177180354083264090147200
2023.000000000,14336,34931605.000000000,2727202608.358511000,32044618.000000000,158.981551836,78.072639616,15.76156930154961608865552710,1.528980018369710166827440100
2024.000000000,14266,32326786.000000000,2766476459.688803000,30006518.000000000,179.665035003,85.578456816,1.440078240242323833247259900,-7.456911871069193642834332980
