npi,total_payment,transaction_count
1217,659846.040000000,8574
1318,548766.490000000,12660
1009,300819.410000000,5346
1121,234474.440000000,5431
3,14615.820000000,11
