npi,total_payment,transaction_count
12,1098268.190000000,480
2058,537279.330000000,31174
13,66972.530000000,266
9,53608.750000000,26
46,2393.400000000,76
