program_year,npi,total_payment,transaction_count
2020,448,186879.480000000,2907
2021,863,409104.700000000,6598
2022,1093,528123.420000000,7539
2023,1167,272260.350000000,7403
2024,1337,362154.250000000,7575
