received_novo_payment,npi,unique_patients,total_prescriptions,total_payment,total_novo_payments,avg_rx_per_provider,avg_payment_per_provider,avg_patients_per_provider
0,2076,116749.000000000,153331.000000000,113541868.682400000,0E-9,73.85886319845857418111753372,54692.61497225433526011560694,56.23747591522157996146435453
1,1647,287980.000000000,392963.000000000,309016979.711970000,7777410.740000000,238.5931997571341833636915604,187624.1528305828779599271403,174.8512446873102610807528840
