period,payment_status,providers,total_patients,total_prescriptions,total_revenue,avg_rx_per_provider,avg_days_per_rx
Pre-Shortage,No Payments,669,11265.000000000,14620.000000000,10842499.697800000,21.853512706,39.183274359
Pre-Shortage,With Payments,1006,40107.000000000,54024.000000000,40874631.091430000,53.701789264,41.388833765
Shortage Period,No Payments,1968,100167.000000000,131522.000000000,98019597.033290000,66.830284553,36.433753947
Shortage Period,With Payments,1619,225429.000000000,307185.000000000,245694269.134090000,189.737492279,37.362819375
