period,unique_prescribers,total_patients,total_prescriptions,total_revenue,avg_days_supply
Pre-Shortage,1675,51372.000000000,68644.000000000,51717130.789230000,39.712195765
Shortage Period,3587,325596.000000000,438707.000000000,343713866.167380000,37.891541063
