year,npi,unique_patients,total_prescriptions,total_payment
2020.000000000,1060,27761.000000000,38943.000000000,27127851.437760000
2021.000000000,1547,42473.000000000,57031.000000000,44401001.963530000
2022.000000000,2330,78710.000000000,112314.000000000,85724185.792950000
2023.000000000,2860,138233.000000000,192364.000000000,148837015.019930000
2024.000000000,3004,117552.000000000,145642.000000000,116468794.180200000
