payment_tier,provider_count,total_prescriptions,total_revenue,avg_rx_per_provider,avg_revenue_per_provider,total_patients,revenue_increase,influence_factor
No Payment,2076,153331.000000000,113541868.682400000,73.858863198,57315.430935083,116749.000000000,0E-9,1
$1-99,644,81118.000000000,59427031.235180000,125.959627329,93585.875960913,61792.000000000,36270.445025830,1.632821640421946446346560623
$100-499,688,130785.000000000,98320114.629490000,190.094476744,145014.918332581,96403.000000000,87699.487397498,2.530120003753069575340679504
$500-999,206,74018.000000000,58922040.679350000,359.310679612,286029.323686165,53753.000000000,228713.892751082,4.990441823775686374478213945
"$1,000-4,999",95,87752.000000000,75409151.561330000,923.705263158,793780.542750842,62796.000000000,736465.111815759,13.84933393678744579578282537
"$5,000-9,999",1,1099.000000000,603832.722500000,1099.000000000,603832.722500000,581.000000000,546517.291564917,10.53525573564852363390751103
"$10,000-49,999",4,4733.000000000,3994756.573500000,1183.250000000,998689.143375000,3252.000000000,941373.712439917,17.42443748710782979806221796
"$50,000+",9,13458.000000000,12340052.310620000,1495.333333333,1371116.923402222,9403.000000000,1313801.492467139,23.92229982454787677877140132
